Model,Accuracy,Precision,Recall,F1 Score,ROC-AUC
Decision Tree,0.7256574271499645,0.49032258064516127,0.8128342245989305,0.6116700201207244,0.8212503429603821
