Model,Accuracy,Precision,Recall,F1 Score,ROC-AUC
Logistic Regression,0.8002842928216063,0.6388059701492538,0.5721925133689839,0.6036671368124118,0.835351838526487
