Model,Accuracy,Precision,Recall,F1 Score,ROC-AUC
Random Forest,0.7903340440653873,0.6321070234113713,0.5053475935828877,0.5616641901931649,0.8343449586117999
