Model,Accuracy,Precision,Recall,F1 Score,ROC-AUC
SVM,0.7270788912579957,0.49161073825503354,0.7834224598930482,0.6041237113402061,0.8100685403088456
