Model,Accuracy,Precision,Recall,F1 Score,ROC-AUC
XG Boost,0.7711442786069652,0.5524193548387096,0.732620320855615,0.6298850574712643,0.8376852633159222
